name,value
fg_mean,3.8290756070771788
fg_std,3.6273226197529964
bg_mean,0.38494717974999465
bg_std,0.25308983839709687
snr,9.9470156128017
cnr,9.422909974580861
svnvr,205.41064734152235
