subject,name,value
VH1919,volume_lesion,20.979002500891784
QC3809,volume_lesion,9.86512617601459
KX0579,volume_lesion,28.525503400504725
FR4979,volume_lesion,15.568876855954603
AM5399,volume_lesion,19.78762735886881
AM5398,volume_lesion,0.0
FR4960,volume_lesion,0.0
KX0560,volume_lesion,15.04575179359324
QC3810,volume_lesion,1.6672501987516959
VH1900,volume_lesion,2.409750287264597
