timepoint,mean,std
early,367.1710196524306,18.601190683834172
late,355.5669742779884,18.348308547544555
