name,value
tissue,2421.419482877878
csf,2528.9107850975997
vessel,1222.3198116346905
lesion,NA
