name,value
tissue,605.5000209338851
csf,396.09601962564307
vessel,840.2215576163845
lesion,NA
