name,value
tissue,1459.5230013023436
csf,1598.7426291334218
vessel,558.5029677851234
lesion,NA
