name,value
tissue,1459.6542606037724
csf,1604.6825008938868
vessel,558.5029677851234
lesion,NA
