name,value
tissue,5.601290000374356
csf,2.299100530590481
vessel,8.801675135202894
lesion,NA
