name,value
tissue,7.526160222898755E-4
csf,0.0020207884373780087
vessel,6.617480353235069E-4
lesion,NA
