name,value
tissue,3816.4843313098204
csf,3139.8610586297923
vessel,1922.4874458559734
lesion,NA
