name,value
tissue,2.5823211218833225E-4
csf,5.028048323875521E-4
vessel,5.001304313235388E-4
lesion,NA
