name,value
tissue,371.90892805864104
csf,296.16476819711386
vessel,441.4521967571605
lesion,NA
