name,value
tissue,4.0463630184409825
csf,3.9485864166663305
vessel,8.955745816702585
lesion,NA
