name,value
tissue,2.5195723672375743E-4
csf,5.021424335026601E-4
vessel,5.001304313235388E-4
lesion,NA
