name,value
tissue,24.432750806064774
csf,12.326018362969979
vessel,24.681583494988942
lesion,NA
