name,value
tissue,7.551271474622657E-4
csf,0.0020306392779031986
vessel,6.617480353235069E-4
lesion,NA
