name,value
tissue,249.83891676073011
csf,212.3566775639634
vessel,155.0136633081508
lesion,NA
