name,value
tissue,22.971034297137646
csf,8.745935203696217
vessel,24.671813485384913
lesion,NA
