name,value
tissue,249.91964861005934
csf,212.7558013033764
vessel,155.0136633081508
lesion,NA
